datetime,open,high,low,close,volume,hold
2025-12-26 14:15:00,14630.0,14640.0,14575.0,14585.0,26499,910485
2025-12-26 14:45:00,14580.0,14600.0,14570.0,14585.0,22729,908851
2025-12-26 15:00:00,14585.0,14585.0,14520.0,14535.0,12569,903849
2025-12-26 21:30:00,14535.0,14550.0,14445.0,14530.0,119569,896991
2025-12-26 22:00:00,14530.0,14540.0,14480.0,14495.0,28924,896005
2025-12-26 22:30:00,14490.0,14500.0,14445.0,14445.0,30858,892890
2025-12-26 23:00:00,14445.0,14495.0,14445.0,14475.0,185,889571
2025-12-29 09:30:00,14470.0,14555.0,14395.0,14480.0,218,886513
2025-12-29 10:00:00,14480.0,14530.0,14470.0,14490.0,45,886429
2025-12-29 10:45:00,14490.0,14550.0,14485.0,14535.0,3115,888463
2025-12-29 11:15:00,14530.0,14540.0,14495.0,14510.0,4008,886945
2025-12-29 13:45:00,14510.0,14510.0,14480.0,14485.0,6874,884255
2025-12-29 14:15:00,14485.0,14490.0,14445.0,14465.0,2862,877947
2025-12-29 14:45:00,14450.0,14475.0,14440.0,14460.0,3519,874489
2025-12-29 15:00:00,14465.0,14475.0,14430.0,14435.0,5438,868630
2025-12-29 21:30:00,14470.0,14530.0,14460.0,14475.0,73718,875670
2025-12-29 22:00:00,14475.0,14515.0,14455.0,14485.0,27849,874783
2025-12-29 22:30:00,14485.0,14490.0,14445.0,14460.0,18218,872817
2025-12-29 23:00:00,14465.0,14475.0,14435.0,14445.0,16146,869208
2025-12-30 09:30:00,14435.0,14495.0,14430.0,14490.0,29709,867608
2025-12-30 10:00:00,14495.0,14510.0,14475.0,14500.0,17779,870367
2025-12-30 10:45:00,14500.0,14515.0,14470.0,14475.0,16544,869435
2025-12-30 11:15:00,14475.0,14505.0,14445.0,14495.0,27315,866498
2025-12-30 13:45:00,14495.0,14550.0,14490.0,14515.0,2040,871399
2025-12-30 14:15:00,14515.0,14590.0,14510.0,14560.0,1376,875485
2025-12-30 14:45:00,14565.0,14630.0,14560.0,14565.0,22303,879203
2025-12-30 15:00:00,14570.0,14590.0,14560.0,14560.0,13509,876597
2025-12-30 21:30:00,14575.0,14640.0,14565.0,14605.0,60488,885205
2025-12-30 22:00:00,14605.0,14615.0,14565.0,14565.0,30147,883845
2025-12-30 22:30:00,14565.0,14580.0,14550.0,14575.0,16432,881994
2025-12-30 23:00:00,14575.0,14580.0,14545.0,14570.0,15771,879454
2025-12-31 09:30:00,14570.0,14570.0,14495.0,14525.0,38201,877172
2025-12-31 10:00:00,14525.0,14535.0,14510.0,14520.0,13389,877014
2025-12-31 10:45:00,14520.0,14545.0,14515.0,14525.0,12381,875682
2025-12-31 11:15:00,14525.0,14525.0,14495.0,14515.0,1665,875472
2025-12-31 13:45:00,14520.0,14520.0,14465.0,14490.0,352,870341
2025-12-31 14:15:00,14485.0,14520.0,14470.0,14505.0,110,867700
2025-12-31 14:45:00,14505.0,14580.0,14505.0,14580.0,1773,864294
2025-12-31 15:00:00,14580.0,14595.0,14570.0,14585.0,6645,860723
2026-01-05 09:30:00,14605.0,14770.0,14560.0,14750.0,124474,889323
2026-01-05 10:00:00,14750.0,14810.0,14715.0,14810.0,50235,903044
2026-01-05 10:45:00,14805.0,14870.0,14785.0,14865.0,45735,911137
2026-01-05 11:15:00,14860.0,14875.0,14805.0,14810.0,33070,911808
2026-01-05 13:45:00,14810.0,14815.0,14730.0,14730.0,48075,908271
2026-01-05 14:15:00,14730.0,14735.0,14525.0,14615.0,132773,889318
2026-01-05 14:45:00,14615.0,14665.0,14595.0,14665.0,27275,889985
2026-01-05 15:00:00,14660.0,14675.0,14645.0,14655.0,9441,889861
2026-01-05 21:30:00,14660.0,14740.0,14640.0,14725.0,82917,904517
2026-01-05 22:00:00,14730.0,14740.0,14710.0,14715.0,24590,905006
2026-01-05 22:30:00,14720.0,14745.0,14710.0,14710.0,24061,906145
2026-01-05 23:00:00,14710.0,14745.0,14690.0,14720.0,25152,904272
2026-01-06 09:30:00,14720.0,14760.0,14705.0,14745.0,34769,903770
2026-01-06 10:00:00,14745.0,14750.0,14720.0,14740.0,16935,904232
2026-01-06 10:45:00,14740.0,14775.0,14735.0,14760.0,15582,905293
2026-01-06 11:15:00,14765.0,14810.0,14760.0,14800.0,28005,908870
2026-01-06 13:45:00,14800.0,14845.0,14780.0,14810.0,38775,912979
2026-01-06 14:15:00,14810.0,14880.0,14810.0,14875.0,43652,919445
2026-01-06 14:45:00,14875.0,14885.0,14850.0,14865.0,2511,919280
2026-01-06 15:00:00,14865.0,14880.0,14840.0,14855.0,456,915853
2026-01-06 21:30:00,14895.0,14995.0,14885.0,14990.0,117520,933982
2026-01-06 22:00:00,14990.0,15035.0,14930.0,14945.0,73214,932544
2026-01-06 22:30:00,14940.0,15000.0,14930.0,14995.0,27505,931286
2026-01-06 23:00:00,15000.0,15050.0,14995.0,15030.0,37166,933759
2026-01-07 09:30:00,15015.0,15030.0,14855.0,14880.0,110517,921679
2026-01-07 10:00:00,14875.0,14915.0,14840.0,14865.0,9587,918889
2026-01-07 10:45:00,14865.0,14975.0,14860.0,14950.0,33778,919225
2026-01-07 11:15:00,14935.0,14965.0,14920.0,14960.0,21281,920818
2026-01-07 13:45:00,14960.0,15015.0,14940.0,14970.0,41213,920940
2026-01-07 14:15:00,14970.0,15085.0,14965.0,15085.0,58830,928462
2026-01-07 14:45:00,15085.0,15095.0,15040.0,15070.0,33310,930664
2026-01-07 15:00:00,15065.0,15075.0,15035.0,15035.0,4912,925465
2026-01-07 21:30:00,15060.0,15095.0,14930.0,14975.0,130694,923352
2026-01-07 22:00:00,14980.0,14985.0,14885.0,14940.0,70595,919682
2026-01-07 22:30:00,14945.0,14965.0,14925.0,14950.0,21167,918584
2026-01-07 23:00:00,14950.0,14950.0,14855.0,14870.0,42343,911609
2026-01-08 09:30:00,14865.0,14940.0,14845.0,14905.0,53996,907721
2026-01-08 10:00:00,14905.0,14940.0,14895.0,14935.0,2769,907940
2026-01-08 10:45:00,14940.0,14945.0,14865.0,14865.0,690,906948
2026-01-08 11:15:00,14880.0,14905.0,14765.0,14790.0,12832,892340
2026-01-08 13:45:00,14785.0,14820.0,14690.0,14715.0,48992,875743
2026-01-08 14:15:00,14710.0,14775.0,14690.0,14700.0,3536,869143
2026-01-08 14:45:00,14705.0,14765.0,14695.0,14755.0,42,864033
2026-01-08 15:00:00,14750.0,14760.0,14740.0,14740.0,120,862891
2026-01-08 21:30:00,14820.0,14825.0,14735.0,14765.0,88425,871511
2026-01-08 22:00:00,14765.0,14775.0,14705.0,14710.0,31373,865905
2026-01-08 22:30:00,14710.0,14715.0,14645.0,14660.0,71961,854628
2026-01-08 23:00:00,14660.0,14725.0,14640.0,14710.0,31188,852748
2026-01-09 09:30:00,14720.0,14760.0,14710.0,14760.0,41258,849327
2026-01-09 10:00:00,14765.0,14815.0,14740.0,14800.0,27940,850020
2026-01-09 10:45:00,14800.0,14830.0,14790.0,14820.0,17784,849103
2026-01-09 11:15:00,14825.0,14860.0,14715.0,14765.0,67127,855844
2026-01-09 13:45:00,14765.0,14785.0,14695.0,14700.0,30993,854295
2026-01-09 14:15:00,14700.0,14715.0,14665.0,14700.0,5491,853393
2026-01-09 14:45:00,14700.0,14705.0,14675.0,14675.0,2527,852337
2026-01-09 15:00:00,14675.0,14685.0,14655.0,14675.0,3659,848931
2026-01-09 21:30:00,14680.0,14680.0,14555.0,14585.0,114169,840221
2026-01-09 22:00:00,14585.0,14600.0,14460.0,14485.0,223,823397
2026-01-09 22:30:00,14470.0,14530.0,14430.0,14530.0,88,814197
2026-01-09 23:00:00,14530.0,14565.0,14485.0,14490.0,253,811811
2026-01-12 09:30:00,14490.0,14610.0,14490.0,14555.0,438429,816802
2026-01-12 10:00:00,14550.0,14580.0,14530.0,14545.0,167,816937
2026-01-12 10:45:00,14545.0,14580.0,14530.0,14565.0,23687,817346
2026-01-12 11:15:00,14565.0,14625.0,14565.0,14610.0,33490,822000
2026-01-12 13:45:00,14610.0,14655.0,14605.0,14640.0,11719,822123
2026-01-12 14:15:00,14635.0,14660.0,14620.0,14645.0,385,821772
2026-01-12 14:45:00,14655.0,14660.0,14620.0,14630.0,571,820811
2026-01-12 15:00:00,14630.0,14635.0,14615.0,14625.0,1210,817946
2026-01-12 21:30:00,14625.0,14745.0,14620.0,14730.0,93290,833666
2026-01-12 22:00:00,14730.0,14795.0,14705.0,14745.0,62994,841004
2026-01-12 22:30:00,14745.0,14755.0,14675.0,14720.0,52721,833596
2026-01-12 23:00:00,14715.0,14745.0,14680.0,14685.0,27160,829510
2026-01-13 09:30:00,14700.0,14775.0,14695.0,14755.0,34032,829609
2026-01-13 10:00:00,14755.0,14820.0,14735.0,14815.0,73,834934
2026-01-13 10:45:00,14825.0,14885.0,14810.0,14885.0,151,848489
2026-01-13 11:15:00,14875.0,14880.0,14815.0,14840.0,522,843465
2026-01-13 13:45:00,14830.0,14855.0,14810.0,14810.0,1327,842593
2026-01-13 14:15:00,14810.0,14845.0,14730.0,14785.0,2976,838831
2026-01-13 14:45:00,14780.0,14830.0,14765.0,14775.0,217,839805
2026-01-13 15:00:00,14770.0,14775.0,14760.0,14760.0,2,837159
2026-01-13 21:30:00,14770.0,14800.0,14700.0,14730.0,84578,840426
2026-01-13 22:00:00,14730.0,14765.0,14725.0,14740.0,18379,839220
2026-01-13 22:30:00,14745.0,14760.0,14715.0,14750.0,17737,839523
2026-01-13 23:00:00,14750.0,14765.0,14735.0,14745.0,14739,837269
2026-01-14 09:30:00,14750.0,14775.0,14705.0,14740.0,30935,834600
2026-01-14 10:00:00,14745.0,14750.0,14720.0,14745.0,12946,837144
2026-01-14 10:45:00,14740.0,14785.0,14740.0,14785.0,20454,838390
2026-01-14 11:15:00,14780.0,14830.0,14780.0,14805.0,29282,840570
2026-01-14 13:45:00,14805.0,14815.0,14735.0,14775.0,1967,841878
2026-01-14 14:15:00,14755.0,14800.0,14740.0,14785.0,40,842434
2026-01-14 14:45:00,14790.0,14830.0,14765.0,14820.0,3217,842666
2026-01-14 15:00:00,14825.0,14845.0,14810.0,14810.0,52,842372
2026-01-14 21:30:00,14820.0,14840.0,14750.0,14760.0,60659,845435
2026-01-14 22:00:00,14760.0,14780.0,14755.0,14770.0,13222,844796
2026-01-14 22:30:00,14770.0,14805.0,14765.0,14780.0,13531,844105
2026-01-14 23:00:00,14780.0,14790.0,14755.0,14785.0,12353,843603
2026-01-15 09:30:00,14780.0,14820.0,14730.0,14735.0,41581,847047
2026-01-15 10:00:00,14735.0,14760.0,14640.0,14665.0,59989,842797
2026-01-15 10:45:00,14660.0,14715.0,14660.0,14700.0,18975,843242
2026-01-15 11:15:00,14700.0,14715.0,14665.0,14670.0,11529,844773
2026-01-15 13:45:00,14670.0,14695.0,14630.0,14660.0,29316,841562
2026-01-15 14:15:00,14650.0,14685.0,14630.0,14660.0,32858,838525
2026-01-15 14:45:00,14665.0,14685.0,14625.0,14675.0,22925,836829
2026-01-15 15:00:00,14675.0,14675.0,14660.0,14675.0,4709,835832
2026-01-15 21:30:00,14680.0,14685.0,14600.0,14635.0,47344,833485
2026-01-15 22:00:00,14635.0,14665.0,14625.0,14655.0,14399,832794
2026-01-15 22:30:00,14655.0,14735.0,14645.0,14730.0,21455,832691
2026-01-15 23:00:00,14720.0,14740.0,14690.0,14715.0,21201,833097
2026-01-16 09:30:00,14705.0,14720.0,14665.0,14710.0,22428,834317
2026-01-16 10:00:00,14715.0,14720.0,14630.0,14635.0,26700,833726
2026-01-16 10:45:00,14635.0,14655.0,14585.0,14585.0,99,828647
2026-01-16 11:15:00,14595.0,14620.0,14565.0,14615.0,2820,827001
2026-01-16 13:45:00,14620.0,14670.0,14610.0,14665.0,966,825421
2026-01-16 14:15:00,14670.0,14675.0,14625.0,14645.0,521,827070
2026-01-16 14:45:00,14645.0,14650.0,14570.0,14575.0,5825,825825
2026-01-16 15:00:00,14575.0,14590.0,14560.0,14590.0,484,822611
2026-01-16 21:30:00,14620.0,14645.0,14505.0,14515.0,86491,810701
2026-01-16 22:00:00,14515.0,14575.0,14510.0,14550.0,20721,809784
2026-01-16 22:30:00,14545.0,14555.0,14515.0,14535.0,12838,808499
2026-01-16 23:00:00,14535.0,14545.0,14520.0,14535.0,10695,805000
2026-01-19 09:30:00,14530.0,14600.0,14530.0,14585.0,173598,805246
2026-01-19 10:00:00,14580.0,14595.0,14560.0,14575.0,11648,804726
2026-01-19 10:45:00,14570.0,14600.0,14565.0,14570.0,6209,803678
2026-01-19 11:15:00,14570.0,14620.0,14570.0,14620.0,11230,804696
2026-01-19 13:45:00,14615.0,14625.0,14595.0,14615.0,15987,804928
2026-01-19 14:15:00,14615.0,14615.0,14570.0,14590.0,8485,804775
2026-01-19 14:45:00,14585.0,14590.0,14570.0,14575.0,6150,803996
2026-01-19 15:00:00,14575.0,14580.0,14545.0,14545.0,2068,801019
2026-01-19 21:30:00,14545.0,14550.0,14465.0,14465.0,65000,796286
2026-01-19 22:00:00,14465.0,14500.0,14460.0,14475.0,24484,794905
2026-01-19 22:30:00,14470.0,14475.0,14395.0,14460.0,74593,785402
2026-01-19 23:00:00,14460.0,14470.0,14440.0,14465.0,12067,784295
2026-01-20 09:30:00,14460.0,14520.0,14445.0,14495.0,32742,785378
2026-01-20 10:00:00,14495.0,14515.0,14470.0,14475.0,10733,785152
2026-01-20 10:45:00,14435.0,14475.0,14435.0,14455.0,16299,784794
2026-01-20 11:15:00,14455.0,14525.0,14445.0,14520.0,16733,786279
2026-01-20 13:45:00,14520.0,14630.0,14515.0,14595.0,67043,788709
2026-01-20 14:15:00,14590.0,14640.0,14570.0,14610.0,31845,790156
2026-01-20 14:45:00,14615.0,14615.0,14550.0,14565.0,22240,789605
2026-01-20 15:00:00,14565.0,14570.0,14525.0,14525.0,1191,788092
2026-01-20 21:30:00,14530.0,14660.0,14510.0,14660.0,79639,803320
2026-01-20 22:00:00,14655.0,14700.0,14620.0,14665.0,55408,804717
2026-01-20 22:30:00,14665.0,14665.0,14630.0,14635.0,18993,804733
2026-01-20 23:00:00,14635.0,14645.0,14605.0,14620.0,20614,801465
2026-01-21 09:30:00,14600.0,14600.0,14540.0,14560.0,254,800348
2026-01-21 10:00:00,14560.0,14575.0,14540.0,14555.0,1267,799794
2026-01-21 10:45:00,14550.0,14550.0,14480.0,14520.0,4954,795780
2026-01-21 11:15:00,14520.0,14530.0,14475.0,14480.0,393,793492
2026-01-21 13:45:00,14480.0,14565.0,14465.0,14560.0,93,791467
2026-01-21 14:15:00,14575.0,14575.0,14540.0,14560.0,12778,790888
2026-01-21 14:45:00,14560.0,14590.0,14555.0,14560.0,523,789795
2026-01-21 15:00:00,14550.0,14560.0,14535.0,14535.0,1844,787191
2026-01-21 21:30:00,14550.0,14560.0,14490.0,14550.0,50520,786553
2026-01-21 22:00:00,14555.0,14585.0,14540.0,14550.0,19264,787119
2026-01-21 22:30:00,14550.0,14570.0,14545.0,14555.0,6812,787205
2026-01-21 23:00:00,14550.0,14570.0,14535.0,14550.0,15006,786092
2026-01-22 09:30:00,14545.0,14580.0,14530.0,14580.0,19075,786308
2026-01-22 10:00:00,14580.0,14600.0,14565.0,14595.0,18608,787783
2026-01-22 10:45:00,14595.0,14615.0,14580.0,14585.0,2,789322
2026-01-22 11:15:00,14585.0,14615.0,14580.0,14615.0,1668,791148
2026-01-22 13:45:00,14615.0,14615.0,14590.0,14615.0,1500,791196
2026-01-22 14:15:00,14615.0,14630.0,14605.0,14625.0,3524,792403
2026-01-22 14:45:00,14625.0,14680.0,14605.0,14655.0,6285,794426
2026-01-22 15:00:00,14660.0,14730.0,14655.0,14730.0,19318,799956
2026-01-22 21:30:00,14730.0,14765.0,14685.0,14735.0,67021,800381
2026-01-22 22:00:00,14735.0,14770.0,14710.0,14750.0,34620,802425
2026-01-22 22:30:00,14750.0,14790.0,14735.0,14760.0,32013,808892
2026-01-22 23:00:00,14765.0,14780.0,14750.0,14760.0,16882,807771
2026-01-23 09:30:00,14720.0,14765.0,14710.0,14710.0,32983,808217
2026-01-23 10:00:00,14710.0,14745.0,14675.0,14725.0,3117,806582
2026-01-23 10:45:00,14720.0,14730.0,14675.0,14685.0,19230,807311
2026-01-23 11:15:00,14680.0,14715.0,14670.0,14685.0,6932,807128
2026-01-23 13:45:00,14680.0,14720.0,14680.0,14700.0,4088,807811
2026-01-23 14:15:00,14695.0,14725.0,14685.0,14705.0,172,808283
2026-01-23 14:45:00,14705.0,14715.0,14685.0,14695.0,751,806468
2026-01-23 15:00:00,14700.0,14710.0,14685.0,14695.0,15,803335
2026-01-23 21:30:00,14640.0,14660.0,14540.0,14625.0,21,804654
2026-01-23 22:00:00,14620.0,14630.0,14570.0,14575.0,75,805616
2026-01-23 22:30:00,14575.0,14650.0,14575.0,14640.0,144,805612
2026-01-23 23:00:00,14645.0,14645.0,14585.0,14590.0,380,802317
2026-01-26 09:30:00,14595.0,14675.0,14580.0,14650.0,32,803056
2026-01-26 10:00:00,14655.0,14710.0,14640.0,14670.0,649,806659
2026-01-26 10:45:00,14675.0,14695.0,14675.0,14685.0,614,807485
2026-01-26 11:15:00,14685.0,14690.0,14640.0,14670.0,656,807112
2026-01-26 13:45:00,14665.0,14675.0,14560.0,14565.0,82,804287
2026-01-26 14:15:00,14585.0,14600.0,14555.0,14595.0,2858,802949
2026-01-26 14:45:00,14620.0,14680.0,14610.0,14630.0,1302,798862
2026-01-26 15:00:00,14630.0,14655.0,14630.0,14650.0,134,795878
2026-01-26 21:30:00,14625.0,14630.0,14575.0,14575.0,51911,799020
2026-01-26 22:00:00,14575.0,14585.0,14565.0,14580.0,24039,801045
2026-01-26 22:30:00,14575.0,14610.0,14565.0,14585.0,10133,801140
2026-01-26 23:00:00,14585.0,14620.0,14575.0,14585.0,14812,799960
2026-01-27 09:30:00,14590.0,14630.0,14580.0,14600.0,29577,799790
2026-01-27 10:00:00,14600.0,14605.0,14565.0,14565.0,15679,799328
2026-01-27 10:45:00,14560.0,14605.0,14560.0,14605.0,10357,796419
2026-01-27 11:15:00,14600.0,14610.0,14565.0,14565.0,16829,796954
2026-01-27 13:45:00,14565.0,14600.0,14545.0,14575.0,30549,794353
2026-01-27 14:15:00,14575.0,14590.0,14565.0,14565.0,9742,793674
2026-01-27 14:45:00,14560.0,14575.0,14545.0,14560.0,14809,790969
2026-01-27 15:00:00,14560.0,14575.0,14560.0,14565.0,2607,786653
2026-01-27 21:30:00,14570.0,14620.0,14540.0,14600.0,62246,787237
2026-01-27 22:00:00,14595.0,14665.0,14595.0,14645.0,44806,789974
2026-01-27 22:30:00,14645.0,14690.0,14635.0,14665.0,47301,792060
2026-01-27 23:00:00,14665.0,14680.0,14635.0,14655.0,22039,791900
2026-01-28 09:30:00,14660.0,14745.0,14655.0,14745.0,58493,798363
2026-01-28 10:00:00,14740.0,14750.0,14670.0,14695.0,16414,795274
2026-01-28 10:45:00,14730.0,14740.0,14690.0,14730.0,21677,797219
2026-01-28 11:15:00,14735.0,14750.0,14715.0,14735.0,15921,799066
2026-01-28 13:45:00,14745.0,14825.0,14730.0,14825.0,58875,802804
2026-01-28 14:15:00,14825.0,14920.0,14825.0,14910.0,87701,814977
2026-01-28 14:45:00,14910.0,14970.0,14865.0,14955.0,71681,825028
2026-01-28 15:00:00,14960.0,14960.0,14940.0,14940.0,4599,822629
2026-01-28 21:30:00,14935.0,15005.0,14870.0,14870.0,113479,813077
2026-01-28 22:00:00,14875.0,14910.0,14865.0,14870.0,27465,810832
2026-01-28 22:30:00,14870.0,14885.0,14845.0,14860.0,27210,811336
2026-01-28 23:00:00,14860.0,14880.0,14845.0,14875.0,14895,810539
2026-01-29 09:30:00,14845.0,14890.0,14830.0,14850.0,36135,806820
2026-01-29 10:00:00,14850.0,14900.0,14840.0,14885.0,2992,805642
2026-01-29 10:45:00,14875.0,14915.0,14860.0,14895.0,22040,805653
2026-01-29 11:15:00,14900.0,14925.0,14895.0,14910.0,17495,807387
2026-01-29 13:45:00,14915.0,14920.0,14870.0,14890.0,22647,806295
2026-01-29 14:15:00,14895.0,14920.0,14875.0,14900.0,19811,806782
2026-01-29 14:45:00,14890.0,14915.0,14870.0,14900.0,16577,805767
2026-01-29 15:00:00,14900.0,14915.0,14875.0,14910.0,245,805131
2026-01-29 21:30:00,14910.0,14955.0,14870.0,14880.0,72459,807152
2026-01-29 22:00:00,14885.0,14900.0,14835.0,14855.0,32279,805955
2026-01-29 22:30:00,14850.0,14925.0,14850.0,14920.0,28958,806175
2026-01-29 23:00:00,14915.0,14935.0,14885.0,14900.0,31946,803813
2026-01-30 09:30:00,14890.0,14900.0,14775.0,14825.0,80473,796347
2026-01-30 10:00:00,14825.0,14845.0,14635.0,14670.0,92326,776412
2026-01-30 10:45:00,14665.0,14705.0,14600.0,14700.0,18865,760009
2026-01-30 11:15:00,14695.0,14700.0,14650.0,14660.0,25359,759137
2026-01-30 13:45:00,14665.0,14720.0,14650.0,14715.0,23294,758293
2026-01-30 14:15:00,14720.0,14730.0,14670.0,14675.0,21468,757245
2026-01-30 14:45:00,14675.0,14695.0,14660.0,14675.0,13692,755359
2026-01-30 15:00:00,14675.0,14700.0,14660.0,14670.0,12403,753275
2026-01-30 21:30:00,14675.0,14745.0,14660.0,14745.0,477,755096
2026-01-30 22:00:00,14745.0,14755.0,14710.0,14745.0,210,757557
2026-01-30 22:30:00,14750.0,14765.0,14745.0,14765.0,9,758061
2026-01-30 23:00:00,14765.0,14780.0,14755.0,14770.0,523,757445
2026-02-02 09:30:00,14745.0,14745.0,14645.0,14645.0,1306,756037
2026-02-02 10:00:00,14645.0,14675.0,14640.0,14670.0,3138,755985
2026-02-02 10:45:00,14670.0,14680.0,14635.0,14645.0,1274,755863
2026-02-02 11:15:00,14640.0,14655.0,14610.0,14635.0,929,751312
2026-02-02 13:45:00,14635.0,14645.0,14540.0,14540.0,275,739526
2026-02-02 14:15:00,14530.0,14600.0,14500.0,14590.0,3856,724784
2026-02-02 14:45:00,14590.0,14600.0,14555.0,14570.0,5408,721151
2026-02-02 15:00:00,14565.0,14580.0,14555.0,14575.0,8315,719506
2026-02-02 21:30:00,14605.0,14645.0,14575.0,14615.0,59733,721547
2026-02-02 22:00:00,14615.0,14675.0,14610.0,14660.0,26693,721026
2026-02-02 22:30:00,14665.0,14670.0,14650.0,14660.0,11183,721046
2026-02-02 23:00:00,14655.0,14665.0,14635.0,14635.0,11305,720904
2026-02-03 09:30:00,14635.0,14745.0,14635.0,14745.0,53686,724900
2026-02-03 10:00:00,14745.0,14760.0,14725.0,14730.0,29225,726572
2026-02-03 10:45:00,14725.0,14735.0,14630.0,14655.0,36787,722129
2026-02-03 11:15:00,14690.0,14700.0,14635.0,14645.0,26245,720108
2026-02-03 13:45:00,14645.0,14675.0,14640.0,14650.0,16297,720211
2026-02-03 14:15:00,14650.0,14695.0,14645.0,14690.0,3664,720270
2026-02-03 14:45:00,14685.0,14730.0,14685.0,14710.0,454,720665
2026-02-03 15:00:00,14665.0,14665.0,14650.0,14650.0,296,717880
2026-02-03 21:30:00,14660.0,14695.0,14615.0,14665.0,51869,720163
2026-02-03 22:00:00,14660.0,14675.0,14645.0,14655.0,14538,720248
2026-02-03 22:30:00,14655.0,14670.0,14645.0,14655.0,7282,720073
2026-02-03 23:00:00,14655.0,14665.0,14640.0,14660.0,7140,718914
2026-02-04 09:30:00,14640.0,14680.0,14620.0,14635.0,271,719478
2026-02-04 10:00:00,14635.0,14650.0,14625.0,14635.0,390,719088
2026-02-04 10:45:00,14640.0,14650.0,14615.0,14625.0,13,716662
2026-02-04 11:15:00,14630.0,14665.0,14615.0,14645.0,7220,714946
2026-02-04 13:45:00,14635.0,14660.0,14625.0,14630.0,273,715420
2026-02-04 14:15:00,14630.0,14690.0,14610.0,14690.0,9013,718404
2026-02-04 14:45:00,14690.0,14695.0,14655.0,14675.0,23,718287
2026-02-04 15:00:00,14680.0,14685.0,14670.0,14680.0,142,716331
2026-02-04 21:30:00,14680.0,14750.0,14650.0,14735.0,76709,725956
2026-02-04 22:00:00,14735.0,14740.0,14665.0,14685.0,34989,725015
2026-02-04 22:30:00,14685.0,14720.0,14685.0,14705.0,12979,725323
2026-02-04 23:00:00,14705.0,14705.0,14655.0,14660.0,20596,723078
2026-02-05 09:30:00,14680.0,14710.0,14635.0,14640.0,1469,722767
2026-02-05 10:00:00,14635.0,14670.0,14635.0,14660.0,176,723161
2026-02-05 10:45:00,14665.0,14685.0,14610.0,14625.0,469,722702
2026-02-05 11:15:00,14625.0,14625.0,14550.0,14560.0,14313,716878
2026-02-05 13:45:00,14555.0,14660.0,14555.0,14615.0,409,715597
2026-02-05 14:15:00,14620.0,14650.0,14615.0,14645.0,541,714480
2026-02-05 14:45:00,14650.0,14650.0,14620.0,14630.0,723,713905
2026-02-05 15:00:00,14625.0,14645.0,14610.0,14610.0,14,711527
2026-02-05 21:30:00,14575.0,14600.0,14555.0,14580.0,59428,709122
2026-02-05 22:00:00,14585.0,14645.0,14580.0,14625.0,27194,708679
2026-02-05 22:30:00,14620.0,14630.0,14585.0,14600.0,11481,708555
2026-02-05 23:00:00,14600.0,14625.0,14585.0,14620.0,7260,707569
2026-02-06 09:30:00,14585.0,14620.0,14535.0,14565.0,43548,707890
2026-02-06 10:00:00,14560.0,14615.0,14560.0,14605.0,21073,706271
2026-02-06 10:45:00,14605.0,14650.0,14590.0,14630.0,21061,705270
2026-02-06 11:15:00,14625.0,14635.0,14600.0,14605.0,2869,704638
2026-02-06 13:45:00,14605.0,14625.0,14575.0,14615.0,15978,703566
2026-02-06 14:15:00,14615.0,14630.0,14590.0,14590.0,10426,703563
2026-02-06 14:45:00,14590.0,14615.0,14570.0,14575.0,14249,703693
2026-02-06 15:00:00,14575.0,14605.0,14575.0,14580.0,126,700974
2026-02-06 21:30:00,14615.0,14640.0,14575.0,14640.0,42318,704298
2026-02-06 22:00:00,14640.0,14670.0,14635.0,14650.0,36957,706701
2026-02-06 22:30:00,14655.0,14655.0,14575.0,14585.0,27510,705436
2026-02-06 23:00:00,14580.0,14625.0,14580.0,14620.0,2943,703253
2026-02-09 09:30:00,14605.0,14620.0,14575.0,14605.0,152983,706124
2026-02-09 10:00:00,14605.0,14660.0,14605.0,14615.0,27114,705862
2026-02-09 10:45:00,14620.0,14645.0,14610.0,14640.0,7980,704633
2026-02-09 11:15:00,14640.0,14640.0,14605.0,14620.0,9615,703599
2026-02-09 13:45:00,14620.0,14635.0,14605.0,14615.0,9952,701951
2026-02-09 14:15:00,14620.0,14620.0,14595.0,14595.0,11136,702104
2026-02-09 14:45:00,14595.0,14600.0,14575.0,14590.0,16370,703141
2026-02-09 15:00:00,14590.0,14595.0,14575.0,14580.0,20,700704
2026-02-09 21:30:00,14595.0,14610.0,14565.0,14575.0,35430,702597
2026-02-09 22:00:00,14575.0,14600.0,14555.0,14575.0,20193,702125
2026-02-09 22:30:00,14570.0,14575.0,14560.0,14575.0,8580,702912
2026-02-09 23:00:00,14570.0,14635.0,14565.0,14630.0,26854,700573
2026-02-10 09:30:00,14630.0,14640.0,14595.0,14610.0,24942,700856
2026-02-10 10:00:00,14605.0,14635.0,14605.0,14625.0,6654,700974
2026-02-10 10:45:00,14620.0,14635.0,14610.0,14620.0,2455,700508
2026-02-10 11:15:00,14620.0,14630.0,14600.0,14625.0,11459,701079
2026-02-10 13:45:00,14635.0,14805.0,14625.0,14780.0,111420,708601
2026-02-10 14:15:00,14795.0,14800.0,14670.0,14690.0,56242,707505
2026-02-10 14:45:00,14690.0,14705.0,14640.0,14660.0,28087,705105
2026-02-10 15:00:00,14660.0,14680.0,14655.0,14655.0,10359,700272
2026-02-10 21:30:00,14670.0,14715.0,14665.0,14695.0,38393,701358
2026-02-10 22:00:00,14695.0,14700.0,14670.0,14675.0,10748,700990
2026-02-10 22:30:00,14675.0,14735.0,14670.0,14695.0,22422,700328
2026-02-10 23:00:00,14695.0,14695.0,14670.0,14680.0,12093,699195
2026-02-11 09:30:00,14670.0,14710.0,14660.0,14695.0,21490,699243
2026-02-11 10:00:00,14695.0,14720.0,14690.0,14705.0,10916,699242
2026-02-11 10:45:00,14700.0,14715.0,14680.0,14705.0,4376,697683
2026-02-11 11:15:00,14705.0,14720.0,14695.0,14715.0,9903,697592
2026-02-11 13:45:00,14715.0,14740.0,14710.0,14715.0,17913,697740
2026-02-11 14:15:00,14715.0,14730.0,14700.0,14715.0,9818,696792
2026-02-11 14:45:00,14720.0,14745.0,14710.0,14740.0,599,696799
2026-02-11 15:00:00,14745.0,14765.0,14735.0,14745.0,5494,696412
2026-02-11 21:30:00,14760.0,14760.0,14715.0,14755.0,39279,693742
2026-02-11 22:00:00,14755.0,14795.0,14740.0,14790.0,22685,696757
2026-02-11 22:30:00,14795.0,14810.0,14760.0,14765.0,27122,699817
2026-02-11 23:00:00,14760.0,14820.0,14750.0,14815.0,20566,701318
2026-02-12 09:30:00,14800.0,14825.0,14795.0,14825.0,28900,703715
2026-02-12 10:00:00,14825.0,14845.0,14810.0,14825.0,19626,705708
2026-02-12 10:45:00,14825.0,14835.0,14810.0,14815.0,9586,706008
2026-02-12 11:15:00,14820.0,14825.0,14765.0,14790.0,17386,702150
2026-02-12 13:45:00,14790.0,14790.0,14755.0,14755.0,16459,699645
2026-02-12 14:15:00,14755.0,14795.0,14750.0,14785.0,12120,698684
2026-02-12 14:45:00,14785.0,14805.0,14775.0,14800.0,8524,697876
2026-02-12 15:00:00,14805.0,14805.0,14770.0,14790.0,6271,693995
2026-02-12 21:30:00,14795.0,14835.0,14775.0,14795.0,35404,693235
2026-02-12 22:00:00,14795.0,14810.0,14775.0,14790.0,7648,692968
2026-02-12 22:30:00,14790.0,14795.0,14740.0,14765.0,18934,688917
2026-02-12 23:00:00,14765.0,14770.0,14745.0,14745.0,7876,687447
2026-02-13 09:30:00,14745.0,14750.0,14685.0,14710.0,50941,682179
2026-02-13 10:00:00,14710.0,14710.0,14650.0,14675.0,32895,676863
2026-02-13 10:45:00,14675.0,14690.0,14655.0,14675.0,6722,675765
2026-02-13 11:15:00,14675.0,14705.0,14665.0,14705.0,10560,675503
2026-02-13 13:45:00,14700.0,14725.0,14680.0,14725.0,11777,675225
2026-02-13 14:15:00,14725.0,14735.0,14670.0,14690.0,17496,672084
2026-02-13 14:45:00,14695.0,14720.0,14690.0,14720.0,12747,669794
2026-02-13 15:00:00,14720.0,14740.0,14705.0,14740.0,322,666931
2026-02-24 09:30:00,14895.0,14980.0,14840.0,14980.0,108299,684648
2026-02-24 10:00:00,14985.0,15050.0,14970.0,15040.0,84511,704101
2026-02-24 10:45:00,15040.0,15165.0,15035.0,15145.0,95956,724413
2026-02-24 11:15:00,15150.0,15220.0,15135.0,15220.0,49269,734340
2026-02-24 13:45:00,15220.0,15255.0,15185.0,15245.0,53559,750242
2026-02-24 14:15:00,15250.0,15270.0,15225.0,15260.0,1473,759754
2026-02-24 14:45:00,15265.0,15290.0,15220.0,15225.0,673,759433
2026-02-24 15:00:00,15230.0,15285.0,15220.0,15285.0,489,759377
2026-02-24 21:30:00,15250.0,15450.0,15250.0,15430.0,150310,796365
2026-02-24 22:00:00,15435.0,15475.0,15345.0,15360.0,87220,801540
2026-02-24 22:30:00,15360.0,15440.0,15350.0,15430.0,44413,805918
2026-02-24 23:00:00,15430.0,15435.0,15380.0,15385.0,28415,805039
2026-02-25 09:30:00,15330.0,15460.0,15330.0,15455.0,60350,811576
2026-02-25 10:00:00,15455.0,15490.0,15435.0,15475.0,23557,823636
2026-02-25 10:45:00,15480.0,15500.0,15455.0,15460.0,46196,827628
2026-02-25 11:15:00,15455.0,15475.0,15305.0,15325.0,76714,821662
2026-02-25 13:45:00,15330.0,15410.0,15325.0,15405.0,40318,824761
2026-02-25 14:15:00,15405.0,15405.0,15365.0,15375.0,27900,825593
2026-02-25 14:45:00,15375.0,15410.0,15345.0,15410.0,9932,826064
2026-02-25 15:00:00,15410.0,15410.0,15365.0,15380.0,10435,823434
2026-02-25 21:30:00,15380.0,15475.0,15380.0,15445.0,87874,839945
2026-02-25 22:00:00,15450.0,15480.0,15440.0,15465.0,27427,844010
2026-02-25 22:30:00,15465.0,15525.0,15455.0,15500.0,36445,850232
2026-02-25 23:00:00,15495.0,15565.0,15465.0,15540.0,57158,851944
2026-02-26 09:30:00,15545.0,15640.0,15525.0,15585.0,92247,864854
2026-02-26 10:00:00,15585.0,15665.0,15510.0,15515.0,28581,864183
2026-02-26 10:45:00,15535.0,15565.0,15400.0,15445.0,113712,850502
2026-02-26 11:15:00,15440.0,15485.0,15435.0,15485.0,37850,854299
2026-02-26 13:45:00,15485.0,15495.0,15215.0,15310.0,139532,839138
2026-02-26 14:15:00,15305.0,15350.0,15290.0,15320.0,61336,842649
2026-02-26 14:45:00,15315.0,15340.0,15270.0,15335.0,49719,839127
2026-02-26 15:00:00,15340.0,15355.0,15325.0,15350.0,114,838078
2026-02-26 21:30:00,15260.0,15340.0,15255.0,15300.0,93598,843984
2026-02-26 22:00:00,15300.0,15330.0,15270.0,15325.0,29286,846486
2026-02-26 22:30:00,15325.0,15330.0,15280.0,15295.0,16004,845895
2026-02-26 23:00:00,15290.0,15315.0,15255.0,15265.0,25072,842124
2026-02-27 09:30:00,15265.0,15335.0,15260.0,15290.0,41179,842404
2026-02-27 10:00:00,15290.0,15315.0,15270.0,15305.0,7424,840890
2026-02-27 10:45:00,15300.0,15425.0,15295.0,15380.0,71208,847867
2026-02-27 11:15:00,15375.0,15395.0,15355.0,15375.0,29373,844902
2026-02-27 13:45:00,15375.0,15395.0,15320.0,15370.0,38129,842449
2026-02-27 14:15:00,15370.0,15380.0,15355.0,15365.0,15540,839966
2026-02-27 14:45:00,15365.0,15400.0,15355.0,15385.0,19657,838510
2026-02-27 15:00:00,15385.0,15405.0,15370.0,15395.0,374,837980
2026-02-27 21:30:00,15340.0,15425.0,15335.0,15360.0,13,839933
2026-02-27 22:00:00,15360.0,15365.0,15290.0,15300.0,5,837306
2026-02-27 22:30:00,15300.0,15310.0,15265.0,15275.0,11,833396
2026-02-27 23:00:00,15270.0,15305.0,15260.0,15305.0,227,830431
2026-03-02 09:30:00,15320.0,15350.0,15230.0,15255.0,1447,823609
2026-03-02 10:00:00,15250.0,15275.0,15240.0,15260.0,5484,821077
2026-03-02 10:45:00,15245.0,15245.0,15115.0,15185.0,6481,804435
2026-03-02 11:15:00,15190.0,15210.0,15165.0,15195.0,2861,802858
2026-03-02 13:45:00,15190.0,15255.0,15185.0,15255.0,278,801740
2026-03-02 14:15:00,15270.0,15280.0,15240.0,15280.0,3973,800968
2026-03-02 14:45:00,15275.0,15290.0,15250.0,15265.0,976,797943
2026-03-02 15:00:00,15265.0,15275.0,15205.0,15225.0,9447,794512
2026-03-02 21:30:00,15215.0,15225.0,15155.0,15160.0,76062,801945
2026-03-02 22:00:00,15160.0,15205.0,15150.0,15180.0,27463,801067
2026-03-02 22:30:00,15180.0,15195.0,15160.0,15185.0,15875,799226
2026-03-02 23:00:00,15190.0,15205.0,15160.0,15175.0,17472,797197
2026-03-03 09:30:00,15175.0,15220.0,15175.0,15200.0,27041,795878
2026-03-03 10:00:00,15200.0,15210.0,15135.0,15140.0,116,793589
2026-03-03 10:45:00,15150.0,15180.0,15100.0,15150.0,1451,785452
2026-03-03 11:15:00,15150.0,15210.0,15150.0,15190.0,3537,787175
2026-03-03 13:45:00,15190.0,15235.0,15185.0,15205.0,415,787180
2026-03-03 14:15:00,15200.0,15205.0,15160.0,15165.0,532,785927
2026-03-03 14:45:00,15160.0,15235.0,15155.0,15230.0,719,780751
2026-03-03 15:00:00,15230.0,15260.0,15225.0,15255.0,33,778613
2026-03-03 21:30:00,15240.0,15295.0,15185.0,15290.0,75623,779256
2026-03-03 22:00:00,15280.0,15320.0,15195.0,15215.0,70626,782499
2026-03-03 22:30:00,15215.0,15235.0,15145.0,15160.0,45569,778960
2026-03-03 23:00:00,15165.0,15180.0,15125.0,15160.0,25628,776183
2026-03-04 09:30:00,15160.0,15200.0,15155.0,15185.0,31051,775319
2026-03-04 10:00:00,15175.0,15195.0,15150.0,15160.0,3978,773580
2026-03-04 10:45:00,15155.0,15235.0,15155.0,15210.0,29105,771879
2026-03-04 11:15:00,15210.0,15220.0,15160.0,15180.0,16016,771407
2026-03-04 13:45:00,15175.0,15230.0,15175.0,15215.0,365,770565
2026-03-04 14:15:00,15215.0,15220.0,15200.0,15220.0,190,770936
2026-03-04 14:45:00,15220.0,15250.0,15205.0,15230.0,151,770132
2026-03-04 15:00:00,15225.0,15230.0,15205.0,15205.0,36,768205
2026-03-04 21:30:00,15230.0,15375.0,15215.0,15285.0,364,777405
2026-03-04 22:00:00,15290.0,15315.0,15255.0,15270.0,8,777574
2026-03-04 22:30:00,15265.0,15325.0,15265.0,15275.0,83,776244
2026-03-04 23:00:00,15280.0,15295.0,15255.0,15255.0,209,775292
2026-03-05 09:30:00,15250.0,15365.0,15250.0,15340.0,522,778075
2026-03-05 10:00:00,15385.0,15415.0,15370.0,15410.0,1731,784914
2026-03-05 10:45:00,15410.0,15415.0,15340.0,15360.0,1,784016
2026-03-05 11:15:00,15360.0,15445.0,15355.0,15380.0,2371,786812
2026-03-05 13:45:00,15375.0,15440.0,15355.0,15380.0,5571,785902
2026-03-05 14:15:00,15380.0,15400.0,15240.0,15280.0,3733,773929
2026-03-05 14:45:00,15280.0,15285.0,15235.0,15280.0,26,771334
2026-03-05 15:00:00,15275.0,15285.0,15225.0,15250.0,192,768197
2026-03-05 21:30:00,15225.0,15280.0,15195.0,15210.0,66208,767027
2026-03-05 22:00:00,15210.0,15230.0,15175.0,15225.0,31937,764833
2026-03-05 22:30:00,15220.0,15245.0,15200.0,15225.0,12754,764193
2026-03-05 23:00:00,15225.0,15235.0,15205.0,15210.0,12810,763703
2026-03-06 09:30:00,15215.0,15305.0,15215.0,15285.0,10,766544
2026-03-06 10:00:00,15285.0,15310.0,15275.0,15290.0,1145,766783
2026-03-06 10:45:00,15280.0,15295.0,15245.0,15250.0,542,765718
2026-03-06 11:15:00,15250.0,15285.0,15250.0,15260.0,92,765096
2026-03-06 13:45:00,15260.0,15320.0,15245.0,15315.0,5444,767922
2026-03-06 14:15:00,15310.0,15310.0,15275.0,15295.0,5,767511
2026-03-06 14:45:00,15285.0,15310.0,15265.0,15305.0,580,765930
2026-03-06 15:00:00,15305.0,15305.0,15275.0,15295.0,144,765010
2026-03-06 21:30:00,15335.0,15360.0,15275.0,15325.0,65084,768307
2026-03-06 22:00:00,15325.0,15340.0,15275.0,15320.0,33325,766446
2026-03-06 22:30:00,15325.0,15365.0,15310.0,15315.0,33840,766860
2026-03-06 23:00:00,15315.0,15345.0,15295.0,15310.0,27133,765082
2026-03-09 09:30:00,15350.0,15620.0,15350.0,15495.0,359259,778812
2026-03-09 10:00:00,15495.0,15540.0,15430.0,15530.0,16845,775649
2026-03-09 10:45:00,15530.0,15575.0,15475.0,15560.0,52773,777457
2026-03-09 11:15:00,15560.0,15615.0,15530.0,15585.0,63016,782545
2026-03-09 13:45:00,15590.0,15725.0,15240.0,15350.0,242219,768166
2026-03-09 14:15:00,15355.0,15355.0,15255.0,15315.0,83461,755500
2026-03-09 14:45:00,15320.0,15340.0,15295.0,15320.0,25819,752482
2026-03-09 15:00:00,15325.0,15330.0,15285.0,15285.0,1830,749561
2026-03-09 21:30:00,15280.0,15300.0,15190.0,15225.0,101434,738076
2026-03-09 22:00:00,15225.0,15265.0,15185.0,15245.0,45502,733411
2026-03-09 22:30:00,15245.0,15275.0,15240.0,15255.0,20948,732100
2026-03-09 23:00:00,15255.0,15265.0,15230.0,15250.0,21106,729961
2026-03-10 09:30:00,15245.0,15275.0,15195.0,15260.0,66107,727796
2026-03-10 10:00:00,15265.0,15370.0,15255.0,15330.0,1649,730269
2026-03-10 10:45:00,15320.0,15345.0,15300.0,15305.0,19870,729073
2026-03-10 11:15:00,15305.0,15365.0,15300.0,15330.0,22367,727630
2026-03-10 13:45:00,15330.0,15390.0,15315.0,15350.0,35846,726520
2026-03-10 14:15:00,15350.0,15400.0,15350.0,15395.0,22816,726443
2026-03-10 14:45:00,15390.0,15390.0,15345.0,15350.0,20084,723916
2026-03-10 15:00:00,15350.0,15355.0,15320.0,15320.0,14445,721678
2026-03-10 21:30:00,15330.0,15505.0,15330.0,15475.0,113832,738271
2026-03-10 22:00:00,15480.0,15540.0,15435.0,15515.0,68381,741707
2026-03-10 22:30:00,15520.0,15630.0,15520.0,15555.0,101563,748213
2026-03-10 23:00:00,15555.0,15580.0,15375.0,15510.0,112290,739897
2026-03-11 09:30:00,15505.0,15560.0,15455.0,15550.0,68660,744033
2026-03-11 10:00:00,15545.0,15560.0,15520.0,15525.0,9551,744681
2026-03-11 10:45:00,15530.0,15605.0,15515.0,15570.0,45715,750194
2026-03-11 11:15:00,15575.0,15590.0,15545.0,15560.0,23703,750673
2026-03-11 13:45:00,15570.0,15590.0,15515.0,15545.0,31759,749382
2026-03-11 14:15:00,15475.0,15555.0,15455.0,15520.0,46496,745052
2026-03-11 14:45:00,15530.0,15570.0,15505.0,15555.0,22309,744897
2026-03-11 15:00:00,15560.0,15565.0,15515.0,15515.0,48,743527
2026-03-11 21:30:00,15585.0,15585.0,15455.0,15530.0,103229,745407
2026-03-11 22:00:00,15525.0,15535.0,15435.0,15450.0,42113,744435
2026-03-11 22:30:00,15450.0,15495.0,15440.0,15490.0,31473,742777
2026-03-11 23:00:00,15490.0,15495.0,15470.0,15490.0,16340,740302
2026-03-12 09:30:00,15535.0,15555.0,15475.0,15505.0,61353,741119
2026-03-12 10:00:00,15505.0,15610.0,15500.0,15605.0,18042,745558
2026-03-12 10:45:00,15610.0,15660.0,15550.0,15575.0,69137,748665
2026-03-12 11:15:00,15540.0,15580.0,15505.0,15540.0,50081,747488
2026-03-12 13:45:00,15545.0,15550.0,15480.0,15515.0,33518,743940
2026-03-12 14:15:00,15515.0,15545.0,15500.0,15535.0,18356,742291
2026-03-12 14:45:00,15535.0,15610.0,15530.0,15605.0,32828,743512
2026-03-12 15:00:00,15605.0,15605.0,15545.0,15545.0,13256,741203
2026-03-12 21:30:00,15610.0,15610.0,15530.0,15565.0,62365,743919
2026-03-12 22:00:00,15560.0,15625.0,15560.0,15595.0,45711,744892
2026-03-12 22:30:00,15595.0,15610.0,15570.0,15605.0,20384,745218
2026-03-12 23:00:00,15600.0,15630.0,15580.0,15600.0,28195,745570
2026-03-13 09:30:00,15600.0,15760.0,15570.0,15590.0,169976,755895
2026-03-13 10:00:00,15605.0,15675.0,15585.0,15650.0,13233,755113
2026-03-13 10:45:00,15650.0,15690.0,15635.0,15680.0,35871,758291
2026-03-13 11:15:00,15685.0,15690.0,15625.0,15665.0,26141,757777
2026-03-13 13:45:00,15655.0,15685.0,15460.0,15525.0,121613,754735
2026-03-13 14:15:00,15510.0,15525.0,15450.0,15455.0,68870,748023
2026-03-13 14:45:00,15455.0,15490.0,15365.0,15400.0,1303,730646
2026-03-13 15:00:00,15400.0,15440.0,15395.0,15415.0,19,725319
2026-03-13 21:30:00,15455.0,15485.0,15400.0,15465.0,57040,725727
2026-03-13 22:00:00,15465.0,15465.0,15410.0,15445.0,25486,723263
2026-03-13 22:30:00,15440.0,15460.0,15425.0,15430.0,15576,721651
2026-03-13 23:00:00,15430.0,15455.0,15430.0,15445.0,14010,719434
2026-03-16 09:30:00,15445.0,15510.0,15380.0,15425.0,86117,723473
2026-03-16 10:00:00,15410.0,15465.0,15405.0,15450.0,30824,721465
2026-03-16 10:45:00,15435.0,15480.0,15420.0,15465.0,19731,719860
2026-03-16 11:15:00,15440.0,15465.0,15365.0,15380.0,51231,719390
2026-03-16 13:45:00,15380.0,15460.0,15340.0,15450.0,57324,713820
2026-03-16 14:15:00,15450.0,15505.0,15440.0,15495.0,41508,714677
2026-03-16 14:45:00,15485.0,15500.0,15470.0,15485.0,15100,713561
2026-03-16 15:00:00,15490.0,15495.0,15475.0,15480.0,167,711934
2026-03-16 21:30:00,15465.0,15575.0,15455.0,15550.0,93645,721275
2026-03-16 22:00:00,15550.0,15595.0,15495.0,15535.0,68545,719732
2026-03-16 22:30:00,15530.0,15555.0,15505.0,15540.0,29362,719658
2026-03-16 23:00:00,15545.0,15590.0,15540.0,15565.0,26348,718981
2026-03-17 09:30:00,15580.0,15600.0,15525.0,15530.0,42971,718844
2026-03-17 10:00:00,15530.0,15575.0,15530.0,15565.0,14384,718445
2026-03-17 10:45:00,15565.0,15590.0,15555.0,15575.0,16824,719390
2026-03-17 11:15:00,15575.0,15585.0,15530.0,15545.0,17170,718994
2026-03-17 13:45:00,15545.0,15550.0,15500.0,15530.0,25958,717452
2026-03-17 14:15:00,15525.0,15540.0,15455.0,15475.0,37962,714404
2026-03-17 14:45:00,15475.0,15495.0,15455.0,15470.0,21561,713164
2026-03-17 15:00:00,15465.0,15470.0,15415.0,15415.0,18232,710158
2026-03-17 21:30:00,15430.0,15450.0,15415.0,15430.0,48218,713316
2026-03-17 22:00:00,15430.0,15455.0,15415.0,15415.0,22945,712761
2026-03-17 22:30:00,15410.0,15430.0,15375.0,15425.0,38717,711119
2026-03-17 23:00:00,15420.0,15425.0,15385.0,15390.0,33,708197
2026-03-18 09:30:00,15400.0,15410.0,15265.0,15290.0,8276,696091
2026-03-18 10:00:00,15290.0,15315.0,15200.0,15200.0,434,674939
2026-03-18 10:45:00,15220.0,15255.0,15205.0,15215.0,3358,668478
2026-03-18 11:15:00,15215.0,15285.0,15215.0,15270.0,1957,666751
2026-03-18 13:45:00,15265.0,15275.0,15225.0,15235.0,6449,665195
2026-03-18 14:15:00,15230.0,15245.0,15210.0,15210.0,1747,661756
2026-03-18 14:45:00,15210.0,15250.0,15210.0,15225.0,23,656299
2026-03-18 15:00:00,15230.0,15240.0,15210.0,15210.0,2000,652886
2026-03-18 21:30:00,15225.0,15240.0,15165.0,15195.0,75532,648055
2026-03-18 22:00:00,15195.0,15195.0,15155.0,15175.0,31920,644443
2026-03-18 22:30:00,15175.0,15220.0,15160.0,15195.0,21525,643354
2026-03-18 23:00:00,15200.0,15235.0,15195.0,15235.0,20631,644367
2026-03-19 09:30:00,15250.0,15255.0,15180.0,15220.0,42460,641182
2026-03-19 10:00:00,15215.0,15225.0,15175.0,15195.0,7202,640567
2026-03-19 10:45:00,15190.0,15205.0,15175.0,15190.0,1094,639998
2026-03-19 11:15:00,15190.0,15220.0,15175.0,15190.0,16,637049
2026-03-19 13:45:00,15185.0,15195.0,15165.0,15165.0,1317,634080
2026-03-19 14:15:00,15165.0,15175.0,15140.0,15140.0,7606,628375
2026-03-19 14:45:00,15140.0,15155.0,15130.0,15155.0,85,622964
2026-03-19 15:00:00,15155.0,15170.0,15150.0,15150.0,79,619656
2026-03-19 21:30:00,15125.0,15130.0,15040.0,15095.0,115783,605029
2026-03-19 22:00:00,15095.0,15100.0,15060.0,15090.0,25354,605781
2026-03-19 22:30:00,15090.0,15100.0,15075.0,15085.0,12021,604446
2026-03-19 23:00:00,15080.0,15095.0,15055.0,15060.0,10320,602050
2026-03-20 09:30:00,15055.0,15170.0,15045.0,15150.0,53463,601729
2026-03-20 10:00:00,15160.0,15210.0,15150.0,15175.0,2672,601498
2026-03-20 10:45:00,15170.0,15190.0,15150.0,15165.0,13583,599563
2026-03-20 11:15:00,15190.0,15240.0,15150.0,15235.0,25165,600389
2026-03-20 13:45:00,15225.0,15270.0,15210.0,15250.0,29624,598820
2026-03-20 14:15:00,15240.0,15270.0,15230.0,15245.0,19314,598803
2026-03-20 14:45:00,15245.0,15260.0,15210.0,15230.0,20314,594834
2026-03-20 15:00:00,15220.0,15225.0,15205.0,15215.0,21,592451
2026-03-20 21:30:00,15210.0,15240.0,15185.0,15220.0,47557,593209
2026-03-20 22:00:00,15225.0,15260.0,15210.0,15230.0,17477,591854
2026-03-20 22:30:00,15230.0,15250.0,15215.0,15240.0,11352,591046
2026-03-20 23:00:00,15235.0,15315.0,15235.0,15305.0,30864,591144
2026-03-23 09:30:00,15310.0,15415.0,15275.0,15360.0,92662,594227
2026-03-23 10:00:00,15370.0,15405.0,15340.0,15395.0,27549,594144
2026-03-23 10:45:00,15400.0,15410.0,15350.0,15365.0,21491,592851
2026-03-23 11:15:00,15355.0,15385.0,15335.0,15370.0,14141,592013
2026-03-23 13:45:00,15370.0,15390.0,15350.0,15375.0,15888,590845
2026-03-23 14:15:00,15370.0,15375.0,15320.0,15340.0,20888,587536
2026-03-23 14:45:00,15340.0,15360.0,15270.0,15270.0,27486,583305
2026-03-23 15:00:00,15275.0,15285.0,15225.0,15280.0,153,577801
2026-03-23 21:30:00,15245.0,15300.0,15220.0,15300.0,45611,576761
2026-03-23 22:00:00,15285.0,15360.0,15270.0,15345.0,29803,578159
2026-03-23 22:30:00,15350.0,15360.0,15295.0,15300.0,17535,576773
2026-03-23 23:00:00,15310.0,15320.0,15295.0,15310.0,9919,576238
2026-03-24 09:30:00,15315.0,15330.0,15260.0,15280.0,29665,576621
2026-03-24 10:00:00,15270.0,15305.0,15250.0,15250.0,4472,576691
2026-03-24 10:45:00,15260.0,15275.0,15245.0,15260.0,12389,575864
2026-03-24 11:15:00,15250.0,15265.0,15225.0,15255.0,19271,574757
2026-03-24 13:45:00,15255.0,15280.0,15230.0,15265.0,12043,574164
2026-03-24 14:15:00,15265.0,15280.0,15245.0,15255.0,12740,573755
2026-03-24 14:45:00,15235.0,15260.0,15220.0,15220.0,14605,572319
2026-03-24 15:00:00,15220.0,15235.0,15205.0,15215.0,12900,571625
2026-03-24 21:30:00,15210.0,15255.0,15165.0,15240.0,61162,569123
2026-03-24 22:00:00,15235.0,15255.0,15225.0,15240.0,13663,568410
2026-03-24 22:30:00,15240.0,15245.0,15205.0,15210.0,9392,567569
2026-03-24 23:00:00,15210.0,15220.0,15190.0,15210.0,12020,566269
2026-03-25 09:30:00,15205.0,15295.0,15205.0,15275.0,47652,565955
2026-03-25 10:00:00,15280.0,15350.0,15270.0,15340.0,4498,568012
2026-03-25 10:45:00,15335.0,15430.0,15325.0,15415.0,62764,563200
2026-03-25 11:15:00,15425.0,15445.0,15360.0,15365.0,39905,562098
2026-03-25 13:45:00,15370.0,15405.0,15355.0,15365.0,22089,561104
2026-03-25 14:15:00,15365.0,15385.0,15345.0,15365.0,18566,559572
2026-03-25 14:45:00,15370.0,15385.0,15360.0,15370.0,11716,558184
2026-03-25 15:00:00,15370.0,15375.0,15335.0,15340.0,12529,553641
2026-03-25 21:30:00,15320.0,15350.0,15285.0,15350.0,44033,552871
2026-03-25 22:00:00,15350.0,15365.0,15340.0,15350.0,11858,553759
2026-03-25 22:30:00,15350.0,15380.0,15340.0,15375.0,9780,553306
2026-03-25 23:00:00,15375.0,15380.0,15360.0,15370.0,7135,552537
2026-03-26 09:30:00,15390.0,15400.0,15345.0,15380.0,20630,551439
2026-03-26 10:00:00,15380.0,15420.0,15365.0,15415.0,24061,554360
2026-03-26 10:45:00,15420.0,15450.0,15390.0,15420.0,29756,555439
2026-03-26 11:15:00,15420.0,15435.0,15400.0,15410.0,12644,555338
2026-03-26 13:45:00,15405.0,15430.0,15390.0,15405.0,14451,553766
2026-03-26 14:15:00,15410.0,15415.0,15380.0,15395.0,15794,552837
2026-03-26 14:45:00,15395.0,15425.0,15390.0,15415.0,9036,552511
2026-03-26 15:00:00,15425.0,15425.0,15415.0,15420.0,254,550380
2026-03-26 21:30:00,15380.0,15440.0,15335.0,15340.0,48800,548211
2026-03-26 22:00:00,15335.0,15365.0,15315.0,15340.0,22153,547954
2026-03-26 22:30:00,15335.0,15375.0,15335.0,15340.0,12573,546957
2026-03-26 23:00:00,15340.0,15370.0,15340.0,15355.0,6860,546728
2026-03-27 09:30:00,15395.0,15415.0,15355.0,15365.0,30204,544661
2026-03-27 10:00:00,15370.0,15410.0,15360.0,15390.0,1162,542589
2026-03-27 10:45:00,15390.0,15420.0,15375.0,15375.0,23824,539919
2026-03-27 11:15:00,15385.0,15385.0,15355.0,15365.0,16592,536620
2026-03-27 13:45:00,15375.0,15395.0,15360.0,15390.0,14755,535663
2026-03-27 14:15:00,15395.0,15395.0,15370.0,15380.0,15240,532805
2026-03-27 14:45:00,15385.0,15420.0,15375.0,15400.0,19548,532196
2026-03-27 15:00:00,15400.0,15410.0,15395.0,15395.0,52,531173
2026-03-27 21:30:00,15390.0,15475.0,15385.0,15415.0,46101,530810
2026-03-27 22:00:00,15410.0,15415.0,15385.0,15390.0,2,529320
2026-03-27 22:30:00,15395.0,15435.0,15375.0,15420.0,22,529439
2026-03-27 23:00:00,15425.0,15445.0,15415.0,15440.0,1534,529908
2026-03-30 09:30:00,15430.0,15450.0,15385.0,15400.0,114243,527643
2026-03-30 10:00:00,15400.0,15425.0,15385.0,15390.0,48,526391
2026-03-30 10:45:00,15390.0,15400.0,15350.0,15395.0,27507,520721
2026-03-30 11:15:00,15390.0,15410.0,15380.0,15385.0,12925,520450
2026-03-30 13:45:00,15390.0,15410.0,15380.0,15410.0,11636,520476
2026-03-30 14:15:00,15410.0,15415.0,15375.0,15390.0,14250,518189
2026-03-30 14:45:00,15390.0,15410.0,15385.0,15400.0,10711,517661
2026-03-30 15:00:00,15405.0,15405.0,15380.0,15385.0,207,515085
2026-03-30 21:30:00,15405.0,15430.0,15335.0,15355.0,43717,511922
2026-03-30 22:00:00,15355.0,15385.0,15350.0,15380.0,9472,511578
2026-03-30 22:30:00,15380.0,15410.0,15375.0,15385.0,152,510092
2026-03-30 23:00:00,15385.0,15410.0,15385.0,15410.0,91,509218
2026-03-31 09:30:00,15405.0,15420.0,15300.0,15325.0,1447,509107
2026-03-31 10:00:00,15330.0,15335.0,15290.0,15305.0,29,505538
2026-03-31 10:45:00,15305.0,15310.0,15245.0,15290.0,153,502052
2026-03-31 11:15:00,15295.0,15335.0,15285.0,15290.0,1909,499242
2026-03-31 13:45:00,15260.0,15310.0,15255.0,15285.0,4132,496209
2026-03-31 14:15:00,15285.0,15335.0,15280.0,15320.0,5971,497066
2026-03-31 14:45:00,15325.0,15325.0,15300.0,15305.0,22,496575
2026-03-31 15:00:00,15310.0,15310.0,15290.0,15295.0,56,493579
2026-03-31 21:30:00,15350.0,15490.0,15335.0,15470.0,103763,494200
2026-03-31 22:00:00,15470.0,15490.0,15430.0,15465.0,37214,496196
2026-03-31 22:30:00,15465.0,15530.0,15450.0,15520.0,46187,499030
2026-03-31 23:00:00,15520.0,15540.0,15505.0,15510.0,27937,498138
2026-04-01 09:30:00,15435.0,15435.0,15330.0,15365.0,64225,492306
2026-04-01 10:00:00,15360.0,15380.0,15335.0,15340.0,4331,492153
2026-04-01 10:45:00,15340.0,15365.0,15315.0,15330.0,19069,488690
2026-04-01 11:15:00,15330.0,15360.0,15325.0,15325.0,12558,486392
2026-04-01 13:45:00,15325.0,15340.0,15275.0,15280.0,33456,485572
2026-04-01 14:15:00,15275.0,15310.0,15240.0,15240.0,25213,481612
2026-04-01 14:45:00,15240.0,15260.0,15215.0,15220.0,41043,472891
2026-04-01 15:00:00,15220.0,15260.0,15210.0,15245.0,18004,468552
2026-04-01 21:30:00,15235.0,15265.0,15215.0,15235.0,40429,469174
2026-04-01 22:00:00,15235.0,15240.0,15215.0,15230.0,15064,469238
2026-04-01 22:30:00,15230.0,15270.0,15225.0,15255.0,14290,467169
2026-04-01 23:00:00,15255.0,15270.0,15250.0,15260.0,6876,465548
2026-04-02 09:30:00,15305.0,15350.0,15295.0,15340.0,38229,464521
2026-04-02 10:00:00,15335.0,15360.0,15320.0,15350.0,21831,465017
2026-04-02 10:45:00,15355.0,15415.0,15345.0,15370.0,16,466325
2026-04-02 11:15:00,15375.0,15385.0,15315.0,15320.0,18850,463889
2026-04-02 13:45:00,15320.0,15370.0,15320.0,15350.0,17415,462181
2026-04-02 14:15:00,15355.0,15355.0,15260.0,15285.0,23514,459484
2026-04-02 14:45:00,15285.0,15300.0,15250.0,15255.0,16564,457061
2026-04-02 15:00:00,15245.0,15260.0,15230.0,15230.0,6476,455018
2026-04-02 21:30:00,15250.0,15250.0,15175.0,15205.0,65018,453421
2026-04-02 22:00:00,15205.0,15260.0,15200.0,15240.0,17839,452386
2026-04-02 22:30:00,15240.0,15240.0,15220.0,15220.0,8536,452173
2026-04-02 23:00:00,15210.0,15240.0,15210.0,15240.0,12143,450437
2026-04-03 09:30:00,15240.0,15320.0,15225.0,15275.0,32851,447676
2026-04-03 10:00:00,15275.0,15310.0,15275.0,15285.0,10858,447585
2026-04-03 10:45:00,15285.0,15290.0,15235.0,15270.0,257,444545
2026-04-03 11:15:00,15270.0,15280.0,15245.0,15260.0,6609,443903
2026-04-03 13:45:00,15260.0,15275.0,15245.0,15255.0,8100,442685
2026-04-03 14:15:00,15250.0,15280.0,15245.0,15250.0,9763,439667
2026-04-03 14:45:00,15250.0,15265.0,15245.0,15250.0,10923,436755
2026-04-03 15:00:00,15245.0,15265.0,15245.0,15255.0,9790,431818
2026-04-07 09:30:00,15365.0,15425.0,15355.0,15390.0,61358,458046
2026-04-07 10:00:00,15390.0,15410.0,15365.0,15385.0,15625,460124
2026-04-07 10:45:00,15385.0,15395.0,15335.0,15355.0,17200,463676
2026-04-07 11:15:00,15355.0,15360.0,15330.0,15355.0,11513,465506
2026-04-07 13:45:00,15350.0,15355.0,15325.0,15340.0,11082,468376
2026-04-07 14:15:00,15340.0,15365.0,15335.0,15360.0,11491,471813
2026-04-07 14:45:00,15360.0,15370.0,15335.0,15340.0,9840,473703
2026-04-07 15:00:00,15340.0,15360.0,15325.0,15335.0,9890,475431
2026-04-07 21:30:00,15370.0,15370.0,15300.0,15305.0,35229,482030
2026-04-07 22:00:00,15300.0,15340.0,15300.0,15335.0,9190,482356
2026-04-07 22:30:00,15340.0,15340.0,15300.0,15305.0,8520,484162
2026-04-07 23:00:00,15300.0,15315.0,15280.0,15285.0,11680,482890
2026-04-08 09:30:00,15275.0,15315.0,15205.0,15290.0,61021,483777
2026-04-08 10:00:00,15285.0,15340.0,15280.0,15290.0,46791,488097
2026-04-08 10:45:00,15290.0,15310.0,15275.0,15305.0,16039,487796
2026-04-08 11:15:00,15305.0,15320.0,15285.0,15290.0,3389,488329
2026-04-08 13:45:00,15290.0,15335.0,15290.0,15310.0,9272,488352
2026-04-08 14:15:00,15305.0,15325.0,15305.0,15320.0,7763,488982
2026-04-08 14:45:00,15320.0,15325.0,15295.0,15295.0,190,491021
2026-04-08 15:00:00,15290.0,15305.0,15290.0,15305.0,486,491552
2026-04-08 21:30:00,15340.0,15360.0,15285.0,15325.0,62252,506648
2026-04-08 22:00:00,15325.0,15355.0,15320.0,15350.0,22849,510392
2026-04-08 22:30:00,15345.0,15380.0,15340.0,15360.0,20726,511843
2026-04-08 23:00:00,15360.0,15370.0,15350.0,15355.0,9163,512675
2026-04-09 09:30:00,15360.0,15360.0,15315.0,15325.0,22036,513786
2026-04-09 10:00:00,15325.0,15370.0,15325.0,15350.0,18607,516787
2026-04-09 10:45:00,15345.0,15365.0,15345.0,15350.0,10500,517805
2026-04-09 11:15:00,15350.0,15370.0,15340.0,15340.0,10331,518797
2026-04-09 13:45:00,15340.0,15350.0,15315.0,15330.0,2117,519093
2026-04-09 14:15:00,15330.0,15340.0,15325.0,15330.0,1284,519086
2026-04-09 14:45:00,15330.0,15350.0,15310.0,15315.0,5080,518704
2026-04-09 15:00:00,15315.0,15340.0,15310.0,15340.0,1696,518437
2026-04-09 21:30:00,15350.0,15500.0,15340.0,15480.0,128245,542298
2026-04-09 22:00:00,15485.0,15630.0,15480.0,15580.0,145037,575199
2026-04-09 22:30:00,15595.0,15620.0,15575.0,15595.0,47298,584500
2026-04-09 23:00:00,15600.0,15620.0,15585.0,15605.0,31600,589708
2026-04-10 09:30:00,15620.0,15735.0,15620.0,15730.0,152436,623252
2026-04-10 10:00:00,15730.0,15735.0,15660.0,15685.0,4352,626866
2026-04-10 10:45:00,15690.0,15725.0,15685.0,15700.0,39513,635989
2026-04-10 11:15:00,15705.0,15725.0,15665.0,15720.0,34511,636729
2026-04-10 13:45:00,15720.0,15810.0,15705.0,15745.0,107916,659317
2026-04-10 14:15:00,15745.0,15775.0,15670.0,15775.0,84607,660863
2026-04-10 14:45:00,15770.0,15785.0,15720.0,15770.0,4140,667396
2026-04-10 15:00:00,15765.0,15790.0,15705.0,15705.0,1749,662041
2026-04-10 21:30:00,15710.0,15755.0,15675.0,15685.0,130472,672101
2026-04-10 22:00:00,15680.0,15725.0,15680.0,15680.0,31264,672109
2026-04-10 22:30:00,15685.0,15715.0,15675.0,15695.0,19,671135
2026-04-10 23:00:00,15695.0,15705.0,15675.0,15685.0,289,666468
2026-04-13 09:30:00,15730.0,15780.0,15700.0,15730.0,294558,669949
2026-04-13 10:00:00,15730.0,15735.0,15330.0,15480.0,20166,631951
2026-04-13 10:45:00,15485.0,15485.0,15415.0,15435.0,66710,625318
2026-04-13 11:15:00,15430.0,15455.0,15400.0,15450.0,46074,621639
2026-04-13 13:45:00,15455.0,15480.0,15430.0,15480.0,28715,621464
2026-04-13 14:15:00,15480.0,15480.0,15440.0,15440.0,27468,622101
2026-04-13 14:45:00,15440.0,15470.0,15440.0,15460.0,22047,623506
2026-04-13 15:00:00,15460.0,15460.0,15440.0,15450.0,13043,622043
2026-04-13 21:30:00,15485.0,15495.0,15440.0,15450.0,63229,626620
2026-04-13 22:00:00,15445.0,15485.0,15440.0,15480.0,24818,626802
2026-04-13 22:30:00,15480.0,15485.0,15470.0,15480.0,8537,627403
2026-04-13 23:00:00,15475.0,15495.0,15470.0,15475.0,13428,627396
2026-04-14 09:30:00,15525.0,15575.0,15515.0,15550.0,68745,631717
2026-04-14 10:00:00,15550.0,15605.0,15525.0,15525.0,11774,633399
2026-04-14 10:45:00,15525.0,15560.0,15525.0,15535.0,20273,632405
2026-04-14 11:15:00,15535.0,15560.0,15530.0,15550.0,15668,631305
2026-04-14 13:45:00,15550.0,15555.0,15505.0,15535.0,15,632022
2026-04-14 14:15:00,15535.0,15540.0,15520.0,15525.0,2323,632181
2026-04-14 14:45:00,15525.0,15545.0,15495.0,15510.0,4550,629672
2026-04-14 15:00:00,15515.0,15525.0,15510.0,15520.0,58,629631
2026-04-14 21:30:00,15520.0,15580.0,15520.0,15555.0,7,634395
2026-04-14 22:00:00,15555.0,15570.0,15535.0,15550.0,19,634314
2026-04-14 22:30:00,15545.0,15570.0,15525.0,15570.0,82,632957
2026-04-14 23:00:00,15565.0,15570.0,15535.0,15545.0,238,631038
2026-04-15 09:30:00,15540.0,15540.0,15460.0,15505.0,5461,627936
2026-04-15 10:00:00,15505.0,15520.0,15490.0,15515.0,821,628177
2026-04-15 10:45:00,15515.0,15525.0,15495.0,15515.0,7968,628943
2026-04-15 11:15:00,15515.0,15545.0,15505.0,15520.0,2520,628743
2026-04-15 13:45:00,15510.0,15560.0,15505.0,15530.0,36,628403
2026-04-15 14:15:00,15530.0,15560.0,15520.0,15560.0,4575,629906
2026-04-15 14:45:00,15560.0,15610.0,15550.0,15570.0,326,634803
2026-04-15 15:00:00,15575.0,15580.0,15550.0,15560.0,150,631701
2026-04-15 21:30:00,15605.0,15675.0,15605.0,15655.0,91551,644718
2026-04-15 22:00:00,15655.0,15680.0,15625.0,15625.0,45129,643941
2026-04-15 22:30:00,15630.0,15660.0,15605.0,15650.0,27335,644433
2026-04-15 23:00:00,15650.0,15665.0,15625.0,15630.0,19527,642931
2026-04-16 09:30:00,15635.0,15690.0,15630.0,15675.0,42848,650359
2026-04-16 10:00:00,15680.0,15880.0,15675.0,15860.0,61484,692247
2026-04-16 10:45:00,15845.0,15900.0,15805.0,15860.0,86519,706709
2026-04-16 11:15:00,15855.0,15885.0,15825.0,15830.0,44772,714256
2026-04-16 13:45:00,15830.0,15875.0,15830.0,15865.0,28826,719522
2026-04-16 14:15:00,15865.0,15930.0,15865.0,15920.0,7177,733872
2026-04-16 14:45:00,15925.0,15930.0,15880.0,15900.0,14434,740721
2026-04-16 15:00:00,15900.0,15945.0,15885.0,15890.0,399,739979
2026-04-16 21:30:00,15855.0,15925.0,15835.0,15910.0,85089,749353
2026-04-16 22:00:00,15915.0,15930.0,15890.0,15910.0,36336,750152
2026-04-16 22:30:00,15910.0,15920.0,15890.0,15920.0,14069,750276
2026-04-16 23:00:00,15920.0,15950.0,15895.0,15935.0,27158,753074
2026-04-17 09:30:00,15950.0,15970.0,15920.0,15945.0,60133,761075
2026-04-17 10:00:00,15940.0,15950.0,15840.0,15885.0,20861,750675
2026-04-17 10:45:00,15885.0,15890.0,15820.0,15845.0,40855,745493
2026-04-17 11:15:00,15845.0,15865.0,15830.0,15860.0,16560,745642
2026-04-17 13:45:00,15860.0,15885.0,15835.0,15855.0,25896,745468
2026-04-17 14:15:00,15860.0,15870.0,15845.0,15865.0,2380,747371
2026-04-17 14:45:00,15865.0,15905.0,15855.0,15905.0,4067,749326
2026-04-17 15:00:00,15905.0,15935.0,15890.0,15935.0,364,751326
2026-04-17 21:30:00,15950.0,15970.0,15755.0,15785.0,148457,746430
2026-04-17 22:00:00,15780.0,15865.0,15780.0,15860.0,55115,746852
2026-04-17 22:30:00,15865.0,15875.0,15835.0,15855.0,18949,747415
2026-04-17 23:00:00,15855.0,15915.0,15850.0,15905.0,277,749104
2026-04-20 09:30:00,15980.0,16000.0,15945.0,15990.0,368677,763675
2026-04-20 10:00:00,15985.0,15990.0,15920.0,15955.0,40714,762571
2026-04-20 10:45:00,15955.0,15955.0,15900.0,15915.0,26279,761183
2026-04-20 11:15:00,15910.0,15950.0,15895.0,15945.0,21207,760811
2026-04-20 13:45:00,15940.0,15980.0,15925.0,15975.0,24587,764057
2026-04-20 14:15:00,15970.0,16060.0,15970.0,16060.0,63287,782439
2026-04-20 14:45:00,16060.0,16060.0,15970.0,16010.0,441,783513
2026-04-20 15:00:00,16010.0,16020.0,15985.0,16000.0,13542,781436
2026-04-20 21:30:00,15995.0,16035.0,15970.0,15990.0,68069,789828
2026-04-20 22:00:00,15995.0,16030.0,15985.0,15995.0,21636,791296
2026-04-20 22:30:00,15995.0,16015.0,15980.0,15990.0,24573,791543
2026-04-20 23:00:00,15990.0,15995.0,15965.0,15990.0,20785,789391
2026-04-21 09:30:00,16010.0,16025.0,15930.0,15955.0,79013,778694
2026-04-21 10:00:00,15955.0,15985.0,15910.0,15935.0,2187,776551
2026-04-21 10:45:00,15935.0,15970.0,15930.0,15960.0,14702,776778
2026-04-21 11:15:00,15960.0,16000.0,15945.0,15995.0,19162,779205
2026-04-21 13:45:00,15995.0,15995.0,15950.0,15985.0,6813,778943
2026-04-21 14:15:00,15980.0,15985.0,15935.0,15945.0,5670,778558
2026-04-21 14:45:00,15945.0,15985.0,15945.0,15985.0,5405,776676
2026-04-21 15:00:00,15985.0,16020.0,15980.0,15985.0,7517,774244
2026-04-21 21:30:00,16005.0,16140.0,15990.0,16115.0,151670,799635
2026-04-21 22:00:00,16110.0,16160.0,16105.0,16160.0,79817,811794
2026-04-21 22:30:00,16160.0,16180.0,16135.0,16150.0,45919,813324
2026-04-21 23:00:00,16155.0,16190.0,16140.0,16185.0,46496,813927
2026-04-22 09:30:00,16190.0,16235.0,16165.0,16220.0,69985,820506
2026-04-22 10:00:00,16215.0,16300.0,16210.0,16250.0,27185,818628
2026-04-22 10:45:00,16255.0,16305.0,16250.0,16295.0,38292,824572
2026-04-22 11:15:00,16295.0,16385.0,16295.0,16370.0,70449,833065
2026-04-22 13:45:00,16370.0,16405.0,16260.0,16310.0,76640,835306
2026-04-22 14:15:00,16305.0,16325.0,16280.0,16300.0,30570,834766
2026-04-22 14:45:00,16295.0,16295.0,16245.0,16265.0,42643,831616
2026-04-22 15:00:00,16265.0,16290.0,16220.0,16230.0,2765,824525
2026-04-22 21:30:00,16235.0,16325.0,16235.0,16305.0,100441,838282
2026-04-22 22:00:00,16305.0,16310.0,16255.0,16285.0,55780,836225
2026-04-22 22:30:00,16285.0,16350.0,16275.0,16305.0,60258,841433
2026-04-22 23:00:00,16310.0,16315.0,16285.0,16300.0,28072,838781
2026-04-23 09:30:00,16250.0,16295.0,16125.0,16240.0,141448,832518
2026-04-23 10:00:00,16240.0,16295.0,16230.0,16270.0,15207,832888
2026-04-23 10:45:00,16270.0,16420.0,16250.0,16330.0,8221,841692
2026-04-23 11:15:00,16330.0,16360.0,16265.0,16265.0,20892,836954
2026-04-23 13:45:00,16265.0,16305.0,16250.0,16300.0,1580,833525
2026-04-23 14:15:00,16305.0,16325.0,16295.0,16320.0,282,836011
2026-04-23 14:45:00,16320.0,16325.0,16275.0,16310.0,1592,834825
2026-04-23 15:00:00,16310.0,16320.0,16285.0,16285.0,2017,833087
2026-04-23 21:30:00,16215.0,16275.0,16175.0,16225.0,136723,837156
2026-04-23 22:00:00,16225.0,16265.0,16215.0,16260.0,43655,839014
2026-04-23 22:30:00,16255.0,16260.0,16235.0,16245.0,15759,838416
2026-04-23 23:00:00,16250.0,16270.0,16235.0,16240.0,24060,833740
2026-04-24 09:30:00,16250.0,16285.0,16170.0,16205.0,85530,824379
2026-04-24 10:00:00,16205.0,16210.0,16145.0,16160.0,12409,820713
2026-04-24 10:45:00,16155.0,16215.0,16155.0,16210.0,25389,819219
2026-04-24 11:15:00,16210.0,16240.0,16200.0,16200.0,26450,820878
2026-04-24 13:45:00,16205.0,16225.0,16185.0,16200.0,20821,821208
2026-04-24 14:15:00,16200.0,16225.0,16185.0,16195.0,17647,819325
2026-04-24 14:45:00,16195.0,16210.0,16190.0,16210.0,4685,819305
2026-04-24 15:00:00,16210.0,16210.0,16185.0,16195.0,2597,815586
2026-04-24 21:30:00,16185.0,16205.0,16130.0,16175.0,61,816853
2026-04-24 22:00:00,16175.0,16240.0,16165.0,16235.0,93,819902
2026-04-24 22:30:00,16235.0,16285.0,16225.0,16270.0,927,829647
2026-04-24 23:00:00,16270.0,16330.0,16270.0,16325.0,151,831099
2026-04-27 09:30:00,16330.0,16440.0,16320.0,16405.0,405188,849102
2026-04-27 10:00:00,16400.0,16420.0,16370.0,16385.0,2916,849428
2026-04-27 10:45:00,16390.0,16410.0,16340.0,16365.0,8,849281
2026-04-27 11:15:00,16370.0,16415.0,16350.0,16410.0,2127,853881
2026-04-27 13:45:00,16415.0,16470.0,16390.0,16405.0,21415,858000
2026-04-27 14:15:00,16400.0,16425.0,16390.0,16410.0,225,859383
2026-04-27 14:45:00,16415.0,16445.0,16400.0,16425.0,2050,862077
2026-04-27 15:00:00,16425.0,16440.0,16405.0,16420.0,497,858194
2026-04-27 21:30:00,16425.0,16480.0,16390.0,16460.0,87007,869121
2026-04-27 22:00:00,16455.0,16460.0,16410.0,16415.0,42831,869245
2026-04-27 22:30:00,16410.0,16435.0,16400.0,16425.0,24913,869721
2026-04-27 23:00:00,16425.0,16445.0,16400.0,16400.0,18510,865631
2026-04-28 09:30:00,16410.0,16420.0,16375.0,16390.0,55873,864684
2026-04-28 10:00:00,16390.0,16410.0,16320.0,16330.0,4795,855847
2026-04-28 10:45:00,16330.0,16350.0,16270.0,16335.0,74413,847145
2026-04-28 11:15:00,16330.0,16370.0,16330.0,16355.0,28073,847916
2026-04-28 13:45:00,16355.0,16385.0,16330.0,16355.0,35369,845858
2026-04-28 14:15:00,16355.0,16380.0,16345.0,16370.0,22722,847903
2026-04-28 14:45:00,16365.0,16395.0,16360.0,16385.0,26968,849797
2026-04-28 15:00:00,16385.0,16425.0,16380.0,16420.0,64,848846
2026-04-28 21:30:00,16455.0,16455.0,16335.0,16350.0,128534,847414
2026-04-28 22:00:00,16350.0,16370.0,16325.0,16345.0,38105,844952
2026-04-28 22:30:00,16345.0,16375.0,16325.0,16370.0,22771,844093
2026-04-28 23:00:00,16365.0,16370.0,16325.0,16335.0,17473,841465
2026-04-29 09:30:00,16340.0,16360.0,16305.0,16330.0,38129,837516
2026-04-29 10:00:00,16335.0,16405.0,16330.0,16385.0,3567,837551
2026-04-29 10:45:00,16390.0,16400.0,16345.0,16360.0,22643,837564
2026-04-29 11:15:00,16355.0,16380.0,16345.0,16355.0,12284,835193
2026-04-29 13:45:00,16355.0,16380.0,16345.0,16360.0,14110,833879
2026-04-29 14:15:00,16365.0,16380.0,16335.0,16375.0,18908,832292
2026-04-29 14:45:00,16380.0,16390.0,16365.0,16380.0,22782,830125
2026-04-29 15:00:00,16385.0,16400.0,16375.0,16385.0,19,828311
2026-04-29 21:30:00,16355.0,16435.0,16345.0,16395.0,70975,834375
2026-04-29 22:00:00,16400.0,16400.0,16355.0,16370.0,26831,832565
2026-04-29 22:30:00,16375.0,16380.0,16330.0,16355.0,35545,831608
2026-04-29 23:00:00,16355.0,16360.0,16325.0,16355.0,19808,828547
2026-04-30 09:30:00,16360.0,16385.0,16335.0,16360.0,33021,826390
2026-04-30 10:00:00,16355.0,16380.0,16355.0,16370.0,3100,825417
2026-04-30 10:45:00,16370.0,16425.0,16365.0,16385.0,35442,823030
2026-04-30 11:15:00,16385.0,16425.0,16375.0,16415.0,22811,823762
2026-04-30 13:45:00,16415.0,16460.0,16405.0,16415.0,31102,826119
2026-04-30 14:15:00,16415.0,16455.0,16410.0,16435.0,24287,825441
2026-04-30 14:45:00,16440.0,16555.0,16440.0,16540.0,80262,835694
2026-04-30 15:00:00,16540.0,16580.0,16520.0,16555.0,901,831818
2026-05-06 09:30:00,16825.0,16935.0,16780.0,16870.0,199569,845158
2026-05-06 10:00:00,16855.0,16950.0,16850.0,16910.0,65999,850085
2026-05-06 10:45:00,16905.0,16910.0,16785.0,16820.0,64534,846941
2026-05-06 11:15:00,16820.0,16835.0,16705.0,16730.0,79954,840379
2026-05-06 13:45:00,16730.0,16740.0,16685.0,16700.0,50776,838284
2026-05-06 14:15:00,16700.0,16750.0,16695.0,16725.0,7307,839412
2026-05-06 14:45:00,16725.0,16730.0,16680.0,16700.0,25582,835798
2026-05-06 15:00:00,16700.0,16715.0,16685.0,16715.0,1217,830757
2026-05-06 21:30:00,16640.0,16775.0,16640.0,16770.0,126988,846168
2026-05-06 22:00:00,16770.0,16875.0,16770.0,16875.0,94626,857710
2026-05-06 22:30:00,16875.0,16895.0,16845.0,16875.0,47093,856849
2026-05-06 23:00:00,16880.0,16915.0,16855.0,16880.0,37630,855960
2026-05-07 09:30:00,16895.0,16920.0,16830.0,16845.0,54937,854508
2026-05-07 10:00:00,16845.0,16845.0,16740.0,16750.0,69918,847446
2026-05-07 10:45:00,16750.0,16760.0,16695.0,16720.0,41152,843475
2026-05-07 11:15:00,16720.0,16760.0,16710.0,16760.0,33694,844512
2026-05-07 13:45:00,16755.0,16755.0,16615.0,16675.0,107329,848554
2026-05-07 14:15:00,16670.0,16725.0,16650.0,16655.0,47119,852349
2026-05-07 14:45:00,16660.0,16690.0,16640.0,16650.0,1769,852373
2026-05-07 15:00:00,16650.0,16660.0,16625.0,16640.0,566,846056
2026-05-07 21:30:00,16480.0,16580.0,16460.0,16510.0,216931,864237
2026-05-07 22:00:00,16505.0,16535.0,16465.0,16495.0,62284,865854
2026-05-07 22:30:00,16490.0,16520.0,16470.0,16495.0,38656,864998
2026-05-07 23:00:00,16495.0,16520.0,16485.0,16495.0,31477,861902
2026-05-08 09:30:00,16520.0,16620.0,16495.0,16580.0,99195,865796
2026-05-08 10:00:00,16580.0,16590.0,16540.0,16565.0,10804,864100
2026-05-08 10:45:00,16565.0,16590.0,16485.0,16515.0,27269,860626
2026-05-08 11:15:00,16515.0,16525.0,16490.0,16500.0,3854,860666
2026-05-08 13:45:00,16500.0,16530.0,16470.0,16505.0,2817,857982
2026-05-08 14:15:00,16505.0,16515.0,16345.0,16380.0,29044,845262
2026-05-08 14:45:00,16365.0,16405.0,16295.0,16360.0,49,829327
2026-05-08 15:00:00,16360.0,16365.0,16305.0,16310.0,21576,817028
2026-05-08 21:30:00,16360.0,16410.0,16325.0,16400.0,112336,823327
2026-05-08 22:00:00,16405.0,16470.0,16395.0,16465.0,74046,829429
2026-05-08 22:30:00,16455.0,16505.0,16430.0,16485.0,366,833713
2026-05-08 23:00:00,16480.0,16505.0,16430.0,16440.0,407,825237
2026-05-11 09:30:00,16470.0,16500.0,16365.0,16375.0,409756,823059
2026-05-11 10:00:00,16370.0,16400.0,16320.0,16330.0,55094,817696
2026-05-11 10:45:00,16330.0,16425.0,16330.0,16400.0,37374,820063
2026-05-11 11:15:00,16400.0,16425.0,16375.0,16385.0,29434,818070
2026-05-11 13:45:00,16385.0,16410.0,16350.0,16365.0,28271,817126
2026-05-11 14:15:00,16365.0,16390.0,16350.0,16370.0,18752,816485
2026-05-11 14:45:00,16365.0,16370.0,16325.0,16330.0,6517,814619
2026-05-11 15:00:00,16330.0,16345.0,16325.0,16335.0,3831,809314
2026-05-11 21:30:00,16330.0,16370.0,16255.0,16360.0,59,817496
2026-05-11 22:00:00,16360.0,16395.0,16330.0,16355.0,48,817999
2026-05-11 22:30:00,16355.0,16395.0,16350.0,16380.0,14,819827
2026-05-11 23:00:00,16380.0,16380.0,16355.0,16370.0,25,814469
2026-05-12 09:30:00,16495.0,16570.0,16460.0,16520.0,8244,822543
2026-05-12 10:00:00,16520.0,16530.0,16485.0,16505.0,4199,818260
2026-05-12 10:45:00,16515.0,16520.0,16485.0,16500.0,143,816768
2026-05-12 11:15:00,16495.0,16550.0,16465.0,16480.0,7434,815594
2026-05-12 13:45:00,16475.0,16505.0,16470.0,16475.0,920,814163
2026-05-12 14:15:00,16475.0,16480.0,16385.0,16385.0,153,807121
2026-05-12 14:45:00,16390.0,16430.0,16375.0,16405.0,5667,801242
2026-05-12 15:00:00,16400.0,16405.0,16365.0,16375.0,341,796850
2026-05-12 21:30:00,16390.0,16535.0,16385.0,16520.0,146149,809891
2026-05-12 22:00:00,16520.0,16555.0,16505.0,16520.0,65411,811590
2026-05-12 22:30:00,16515.0,16535.0,16435.0,16435.0,62941,806816
2026-05-12 23:00:00,16435.0,16490.0,16425.0,16485.0,35877,800839
